IDX,ISO693 Code,Language,Dialect,Genus,Recording Method,Quantity,#Vowel Number,,Dispersion,Focalization,Articulatory Space,Effective DE,Marco-areas Mapping to the Phoible database ,"Geographic Regions mappting to Creanza et al.2015, PNAS"
1,aeb,Tunisian Arabic,Kairouan,AfroAsiatic,Wordlist,Long,3,,3.8001 ,0.1345 ,4.3949 ,0.8646 ,Africa,Africa
2,aeb,Tunisian Arabic,Tunis,AfroAsiatic,Wordlist,Long,4,,3.5850 ,0.1576 ,12.4192 ,0.2887 ,Africa,Africa
3,aeb,Tunisian Arabic,Tunis,AfroAsiatic,Wordlist,Short,4,,3.5847 ,0.1512 ,11.4296 ,0.3136 ,Africa,Africa
4,afn,Defaka,,NigerCongo,Wordlist,Combined,7,,1.7246 ,0.2267 ,8.8826 ,0.1942 ,Africa,Africa
5,afr,Afrikaans,,IndoEuropean,Wordlist,Short,8,,1.9476 ,0.3588 ,13.7040 ,0.1421 ,Africa,Africa
6,afr,Afrikaans,,IndoEuropean,Isolation,Mixed,9,,2.2440 ,0.3008 ,12.7795 ,0.1756 ,Africa,Africa
7,aka,Akan,Kwawu,NigerCongo,Carrier sentence,Uniform,9,,1.8575 ,0.2739 ,10.2436 ,0.1813 ,Africa,Africa
8,amh,Amharic,Standard,AfroAsiatic,Wordlist,Uniform,7,,2.8022 ,0.2261 ,12.8399 ,0.2182 ,Africa,Africa
9,ary,Moroccan Arabic,,AfroAsiatic,Isolation,Long,3,,4.8432 ,0.1846 ,9.1930 ,0.5268 ,Africa,Africa
10,ary,Moroccan Arabic,,AfroAsiatic,Wordlist,Long,3,,4.1526 ,0.0904 ,6.5234 ,0.6366 ,Africa,Africa
11,arz,Egyptian Arabic,Cairo,AfroAsiatic,Carrier sentence,Short,3,,2.5544 ,0.0772 ,2.6199 ,0.9750 ,Africa,Africa
12,arz,Egyptian Arabic,,AfroAsiatic,Isolation,Short,3,,2.5476 ,0.0779 ,2.6699 ,0.9542 ,Africa,Africa
13,arz,Egyptian Arabic,Cairo,AfroAsiatic,Carrier sentence,Long,5,,2.6660 ,0.1685 ,10.6761 ,0.2497 ,Africa,Africa
14,arz,Egyptian Arabic,,AfroAsiatic,Isolation,Long,5,,3.4689 ,0.2392 ,13.9413 ,0.2488 ,Africa,Africa
15,bdu,Oroko,Mbonge,NigerCongo,Wordlist,Uniform,7,,1.8452 ,0.1472 ,7.5978 ,0.2429 ,Africa,Africa
16,bdu,Oroko,Londo,NigerCongo,Wordlist,Uniform,7,,2.0986 ,0.2298 ,8.3642 ,0.2509 ,Africa,Africa
17,bjv,Bedjond,Beda,NiloSaharan,Carrier sentence,Long,6,,3.0221 ,0.3032 ,11.8422 ,0.2552 ,Africa,Africa
18,bjv,Bedjond,Bediondo,NiloSaharan,Carrier sentence,Long,6,,3.6537 ,0.3713 ,20.2579 ,0.1804 ,Africa,Africa
19,bov,Tuwuli,,NigerCongo,Wordlist,Uniform,7,,2.5370 ,0.2877 ,14.5446 ,0.1744 ,Africa,Africa
20,bvi,Viri,,NigerCongo,Isolation,Uniform,6,,2.5544 ,0.2695 ,10.3378 ,0.2471 ,Africa,Africa
21,bvx,Dibole,Dzeke,NigerCongo,Wordlist,Uniform,7,,2.4871 ,0.3085 ,15.3636 ,0.1619 ,Africa,Africa
22,deg,Degema,NigerCongo>AtlanticCongo>VoltaCongo>BenueCongo>Edoid,NigerCongo,Wordlist,Uniform,10,,1.8666 ,0.4690 ,12.3315 ,0.1514 ,Africa,Africa
23,dib,Southern Dinka,,NiloSaharan,Wordlist,Short,7,,2.1993 ,0.3581 ,12.2171 ,0.1800 ,Africa,Africa
24,did,Didinga,,NiloSaharan,Wordlist,Combined,10,,1.5421 ,0.3947 ,10.7442 ,0.1435 ,Africa,Africa
25,dik,Southwestern Dinka,Luanyjang,NiloSaharan,Meaningful sentence,Short,6,,2.0577 ,0.2235 ,6.0340 ,0.3410 ,Africa,Africa
26,dik,Southwestern Dinka,Luanyjang,NiloSaharan,Meaningful sentence,Long,7,,2.7653 ,0.3055 ,13.3160 ,0.2077 ,Africa,Africa
27,dks,Eastern Dinka,,NiloSaharan,Wordlist,Short,7,,2.0853 ,0.3552 ,12.3453 ,0.1689 ,Africa,Africa
28,dyo,Diola,Kujamutay,NigerCongo,Wordlist,Combined,10,,2.2020 ,0.3869 ,16.7667 ,0.1313 ,Africa,Africa
29,eto,Eton,,NigerCongo,Running speech,Combined,8,,2.1161 ,0.1925 ,7.3570 ,0.2876 ,Africa,Africa
30,fmp,Fefe,,NigerCongo,Wordlist,Uniform,8,,2.2834 ,0.4379 ,22.8835 ,0.0998 ,Africa,Africa
31,fod,Foodo,,NigerCongo,Carrier sentence,Uniform,9,,1.5504 ,0.5380 ,17.2407 ,0.0899 ,Africa,Africa
32,ggu,Gban,Nda,NigerCongo,Meaningful sentence,Uniform,7,,2.4212 ,0.2047 ,11.2456 ,0.2153 ,Africa,Africa
33,guk,Gumuz,,NiloSaharan,Running speech,Uniform,6,,2.2600 ,0.2308 ,8.3158 ,0.2718 ,Africa,Africa
34,gwj,G|wi,,KwadiKhoe,Wordlist,Uniform,5,,3.3147 ,0.2302 ,17.0617 ,0.1943 ,Africa,Africa
35,hau,Hausa,Kano,AfroAsiatic,Carrier sentence,Short,3,,3.4897 ,0.0691 ,4.7790 ,0.7302 ,Africa,Africa
36,hau,Hausa,Kano,AfroAsiatic,Carrier sentence,Long,5,,2.9603 ,0.1298 ,11.4296 ,0.2590 ,Africa,Africa
37,hts,Hadza,,Isolate,Wordlist,Uniform,5,,2.1967 ,0.1230 ,5.6707 ,0.3874 ,Africa,Africa
38,ibo,Igbo,,NigerCongo,Wordlist,Uniform,8,,2.8008 ,0.5181 ,19.3524 ,0.1447 ,Africa,Africa
39,ife,Ife,Tchetti,NigerCongo,Wordlist,Uniform,7,,2.8201 ,0.2911 ,13.9843 ,0.2017 ,Africa,Africa
40,ker,Kera,,AfroAsiatic,Running speech,Uniform,6,,2.6886 ,0.2042 ,9.2361 ,0.2911 ,Africa,Africa
41,kma,Konni,,NigerCongo,Wordlist,Uniform,9,,1.6325 ,0.3875 ,7.6211 ,0.2142 ,Africa,Africa
42,koe,Baale,,NiloSaharan,Wordlist,Combined,9,,1.6910 ,0.3343 ,9.3180 ,0.1815 ,Africa,Africa
43,kpo,Ikposo,Uwi,NiloSaharan,Wordlist,Uniform,10,,2.2624 ,0.3787 ,17.7565 ,0.1274 ,Africa,Africa
44,kwv,Nar,Doro,NiloSaharan,Carrier sentence,Long,6,,2.4516 ,0.2825 ,13.9655 ,0.1755 ,Africa,Africa
45,laj,Lango,,NigerCongo,Wordlist,Uniform,10,,1.8714 ,0.7203 ,12.8414 ,0.1457 ,Africa,Africa
46,lln,Lele,,AfroAsiatic,Running speech,Uniform,5,,3.1789 ,0.1634 ,11.7105 ,0.2715 ,Africa,Africa
47,luo,Dholuo,,NiloSaharan,Wordlist,Uniform,9,,1.5502 ,0.2944 ,10.1207 ,0.1532 ,Africa,Africa
48,mas,Maa,,NiloSaharan,Wordlist,Uniform,9,,2.0133 ,0.2770 ,11.5880 ,0.1737 ,Africa,Africa
49,mcw,Mawa,,AfroAsiatic,Running speech,Uniform,6,,2.7861 ,0.2625 ,10.8533 ,0.2567 ,Africa,Africa
50,mcx,Mpiemo,Nola,NigerCongo,Wordlist,Uniform,7,,2.5431 ,0.3895 ,12.9586 ,0.1963 ,Africa,Africa
51,mdj,Mangbetu,,NiloSaharan,Wordlist,Uniform,9,,2.0094 ,0.3375 ,14.9188 ,0.1347 ,Africa,Africa
52,mdm,Mayogo,,NigerCongo,Wordlist,Uniform,10,,2.4570 ,0.4273 ,19.0047 ,0.1293 ,Africa,Africa
53,mdw,Mbosi Olee,,NigerCongo,Wordlist,Uniform,7,,2.2547 ,0.2277 ,9.5422 ,0.2363 ,Africa,Africa
54,mnh,Mono,Bili,NigerCongo,Wordlist,Uniform,8,,2.3070 ,0.3244 ,10.9584 ,0.2105 ,Africa,Africa
55,mos,Moore,,NigerCongo,Wordlist,Short,8,,1.9823 ,0.2950 ,13.6809 ,0.1449 ,Africa,Africa
56,moz,Moukoulu,,AfroAsiatic,Running speech,Uniform,6,,2.6252 ,0.2116 ,9.3238 ,0.2816 ,Africa,Africa
57,mpe,Majang,,NiloSaharan,Running speech,Combined,9,,1.5663 ,0.2442 ,16.2073 ,0.0966 ,Africa,Africa
58,mpe,Majang,,NiloSaharan,Wordlist,Combined,10,,2.1277 ,0.3810 ,17.1249 ,0.1242 ,Africa,Africa
59,mse,Musey,Djodo,AfroAsiatic,Wordlist,Combined,5,,2.8176 ,0.1671 ,9.1753 ,0.3071 ,Africa,Africa
60,mwm,Sar,Douyou,NiloSaharan,Carrier sentence,Long,6,,2.8998 ,0.2527 ,14.4624 ,0.2005 ,Africa,Africa
61,myb,Mbay,Moissala,NiloSaharan,Carrier sentence,Long,6,,2.5414 ,0.1880 ,9.9381 ,0.2557 ,Africa,Africa
62,myf,Bambassi,,AfroAsiatic,Running speech,Uniform,5,,2.8452 ,0.1612 ,9.6480 ,0.2949 ,Africa,Africa
63,naw,Nawuri,,NigerCongo,Wordlist,Long,9,,1.3996 ,0.5243 ,19.3066 ,0.0725 ,Africa,Africa
64,nde,Ndebele,,NigerCongo,Carrier sentence,Uniform,5,,2.9365 ,0.3079 ,12.4312 ,0.2362 ,Africa,Africa
65,ndv,Ndut,,NigerCongo,Meaningful sentence,Short,9,,2.2377 ,0.3462 ,13.5216 ,0.1655 ,Africa,Africa
66,ndv,Ndut,,NigerCongo,Meaningful sentence,Long,9,,2.4790 ,0.3669 ,15.5344 ,0.1596 ,Africa,Africa
67,nmn,!Xoo,Lone Tree,Khoisan,Wordlist,Uniform,5,,3.5752 ,0.1718 ,14.8253 ,0.2412 ,Africa,Africa
68,nnb,Kinande,,NigerCongo,Wordlist,Uniform,10,,2.0909 ,0.2532 ,11.8851 ,0.1759 ,Africa,Africa
69,nnb,Kinande,Yira,NigerCongo,Wordlist,Uniform,10,,2.1084 ,0.4558 ,15.8528 ,0.1330 ,Africa,Africa
70,ogo,Khana,,NigerCongo,Wordlist,Uniform,7,,2.5637 ,0.2679 ,12.5697 ,0.2040 ,Africa,Africa
71,sbz,Kaba,Paoua,NiloSaharan,Carrier sentence,Long,6,,2.4827 ,0.2094 ,12.0976 ,0.2052 ,Africa,Africa
72,shi,Tachelhit,,AfroAsiatic,Carrier sentence,Uniform,3,,2.6641 ,0.0705 ,2.9432 ,0.9052 ,Africa,Africa
73,shq,Albanian,Kosovo Standard,IndoEuropean,Meaningful sentence,Uniform,7,,1.6982 ,0.2052 ,5.3926 ,0.3149 ,Africa,Africa
74,shq,Albanian,Northern Standard,IndoEuropean,Meaningful sentence,Uniform,7,,1.9452 ,0.1871 ,5.8624 ,0.3318 ,Africa,Africa
75,shq,Albanian,Central Standard,IndoEuropean,Meaningful sentence,Uniform,7,,2.0057 ,0.2110 ,7.3214 ,0.2740 ,Africa,Africa
76,shq,Albanian,Northern Standard,IndoEuropean,Wordlist,Uniform,7,,2.2983 ,0.2890 ,7.2631 ,0.3164 ,Africa,Africa
77,shq,Albanian,Central Standard,IndoEuropean,Wordlist,Uniform,7,,2.3831 ,0.2835 ,8.4875 ,0.2808 ,Africa,Africa
78,shq,Albanian,Kosovo Standard,IndoEuropean,Wordlist,Uniform,7,,2.6022 ,0.3089 ,11.0173 ,0.2362 ,Africa,Africa
79,shq,Albanian,Southern Standard,IndoEuropean,Meaningful sentence,Uniform,7,,2.3795 ,0.2367 ,10.4466 ,0.2278 ,Africa,Africa
80,shq,Albanian,Southern Standard,IndoEuropean,Wordlist,Uniform,7,,2.7671 ,0.4533 ,13.3911 ,0.2066 ,Africa,Africa
81,sna,Shona,Karanga,NigerCongo,Isolation,Uniform,5,,4.0196 ,0.1600 ,18.2348 ,0.2204 ,Africa,Africa
82,sna,Shona,,NigerCongo,Carrier sentence,Uniform,5,,2.2546 ,0.1988 ,11.7193 ,0.1924 ,Africa,Africa
83,snw,Sele,,NigerCongo,Wordlist,Uniform,7,,2.4140 ,0.2639 ,14.0945 ,0.1713 ,Africa,Africa
84,som,Somali,Standard,AfroAsiatic,Wordlist,Long,10,,1.6228 ,0.3102 ,13.8429 ,0.1172 ,Africa,Africa
85,sot,Sotho,Southern,NigerCongo,Carrier sentence,Uniform,9,,2.1324 ,0.2883 ,20.1312 ,0.1059 ,Africa,Africa
86,ssw,Siswati,,NigerCongo,Wordlist,Uniform,5,,2.8743 ,0.2322 ,11.7743 ,0.2441 ,Africa,Africa
87,tlj,Lubwisi,,NigerCongo,Wordlist,Uniform,10,,1.9785 ,0.4561 ,15.2265 ,0.1299 ,Africa,Africa
88,tsn,Setswana,Sengwato,NigerCongo,Carrier sentence,Uniform,7,,3.6581 ,0.4306 ,23.8102 ,0.1536 ,Africa,Africa
89,tsn,Setswana,,NigerCongo,Wordlist,Uniform,7,,2.3260 ,0.2917 ,12.2174 ,0.1904 ,Africa,Africa
90,wol,Wolof,Baol,NigerCongo,Running speech,Short,7,,2.0003 ,0.1515 ,9.7550 ,0.2051 ,Africa,Africa
91,wol,Wolof,Baol,NigerCongo,Running speech,Long,7,,2.9201 ,0.2164 ,16.5382 ,0.1766 ,Africa,Africa
92,yas,Gunu,,NigerCongo,Wordlist,Long,7,,2.9569 ,0.2700 ,17.2585 ,0.1713 ,Africa,Africa
93,yas,Gunu,,NigerCongo,Wordlist,Short,7,,2.8309 ,0.2119 ,15.9968 ,0.1770 ,Africa,Africa
94,yor,Yoruba,,NigerCongo,Isolation,Uniform,7,,2.7933 ,0.3081 ,16.2439 ,0.1720 ,Africa,Africa
95,yor,Yoruba,Moba,NigerCongo,Carrier sentence,Uniform,7,,2.5944 ,0.3855 ,12.2846 ,0.2112 ,Africa,Africa
96,yor,Yoruba,Akure,NigerCongo,Carrier sentence,Uniform,9,,1.7746 ,0.6096 ,11.5652 ,0.1534 ,Africa,Africa
97,yor,Yoruba,Ekiti,NigerCongo,Wordlist,Uniform,9,,1.8593 ,0.2703 ,13.9311 ,0.1335 ,Africa,Africa
98,ale,Aleut,,EskimoAleut,Wordlist,Long,3,,4.9542 ,0.1852 ,10.4273 ,0.4751 ,America,America NC
99,ale,Aleut,,EskimoAleut,Wordlist,Short,3,,4.2322 ,0.1068 ,6.4164 ,0.6596 ,America,America NC
100,amu,Amuzgo,Guerrero,OtoManguean,Wordlist,Uniform,7,,2.9507 ,0.3706 ,16.8812 ,0.1748 ,America,America NC
101,apw,Apache,Western,NaDene,Wordlist,Long,4,,3.1391 ,0.1709 ,6.9697 ,0.4504 ,America,America NC
102,apw,Apache,Western,NaDene,Wordlist,Short,4,,1.7247 ,0.1272 ,2.7787 ,0.6207 ,America,America NC
103,bcr,Babine,Witsuwiten,NaDene,Wordlist,Uniform,7,,2.2109 ,0.1959 ,9.4076 ,0.2350 ,America,America NC
104,chf,Chontal,Oaxaca,Mayan,Wordlist,Uniform,5,,2.9404 ,0.2493 ,10.2342 ,0.2873 ,America,America NC
105,chr,Cherokee,Western,Iroquonian,Wordlist,Long,6,,2.7689 ,0.2445 ,9.0160 ,0.3071 ,America,America NC
106,chr,Cherokee,Western,Iroquonian,Wordlist,Short,6,,2.3330 ,0.1866 ,7.3052 ,0.3194 ,America,America NC
107,cic,Chickasaw,,Muskogean,Wordlist,Long,3,,3.5212 ,0.1151 ,5.0667 ,0.6950 ,America,America NC
108,cic,Chickasaw,,Muskogean,Wordlist,Short,3,,1.9102 ,0.0718 ,1.5414 ,1.2393 ,America,America NC
109,cnt,Tepetotutla Chinantec,,OtoManguean,Wordlist,Uniform,7,,3.0811 ,0.2931 ,14.8836 ,0.2070 ,America,America NC
110,eng,English,American>North Midwestern ,IndoEuropean,Wordlist,Short,4,,2.3560 ,0.1408 ,4.3270 ,0.5445 ,America,America NC
111,eng,English,American>General ,IndoEuropean,Wordlist,Short,4,,1.9535 ,0.1615 ,3.0155 ,0.6478 ,America,America NC
112,eng,English,American>General,IndoEuropean,Carrier sentence,Short,4,,1.9275 ,0.1434 ,3.0192 ,0.6384 ,America,America NC
113,eng,English,American>North Midwestern ,IndoEuropean,Wordlist,Long,7,,2.7691 ,0.4229 ,14.2935 ,0.1937 ,America,America NC
114,eng,English,American>General,IndoEuropean,Wordlist,Long,7,,2.8947 ,0.4383 ,15.2980 ,0.1892 ,America,America NC
115,eng,English,American>General,IndoEuropean,Carrier sentence,Long,7,,2.9011 ,0.4002 ,15.3055 ,0.1895 ,America,America NC
116,eng,English,American>New England>Ithaca,IndoEuropean,Carrier sentence,Mixed,9,,2.5689 ,0.4570 ,15.2346 ,0.1686 ,America,America NC
117,eng,English,American>General Old,IndoEuropean,Wordlist,Mixed,9,,2.8011 ,0.6260 ,18.7377 ,0.1495 ,America,America NC
118,eng,English,American>Southern Californian ,IndoEuropean,Carrier sentence,Mixed,10,,1.9911 ,0.2851 ,9.4944 ,0.2097 ,America,America NC
119,eng,English,American>SouthWestern,IndoEuropean,Wordlist,Mixed,11,,2.1304 ,0.4801 ,11.9303 ,0.1786 ,America,America NC
120,fla,Montana Salish,,Salishan,Wordlist,Uniform,5,,2.8477 ,0.2043 ,8.8835 ,0.3206 ,America,America NC
121,fra,French,Quebec,IndoEuropean,Wordlist,Uniform,11,,2.2566 ,0.3640 ,14.8616 ,0.1518 ,America,America NC
122,fra,French,Quebec>Chicoutimi-Jonquiere,IndoEuropean,Running speech,Uniform,11,,1.8786 ,0.4209 ,10.1031 ,0.1859 ,America,America NC
123,hup,Hupa,,DeneYeniseian,Wordlist,Short,3,,3.9830 ,0.2229 ,6.2313 ,0.6392 ,America,America NC
124,hup,Hupa,,DeneYeniseian,Wordlist,Long,3,,3.1561 ,0.2598 ,3.6807 ,0.8575 ,America,America NC
125,kal,Greenlandic,Holsteinborg,EskimoAleut,Wordlist,Uniform,3,,3.8736 ,0.0771 ,6.3347 ,0.6115 ,America,America NC
126,kal,Greenlandic,Holsteinborg,EskimoAleut,Running speech,Uniform,3,,2.1379 ,0.0600 ,1.7651 ,1.2112 ,America,America NC
127,maj,Jalapa Mazatec,Jalapa de Diaz,OtoManguean,Wordlist,Uniform,5,,2.3589 ,0.1567 ,7.8298 ,0.3013 ,America,America NC
128,mbe,Molalla,,Penutian,Wordlist,Short,3,,3.2504 ,0.1142 ,3.6109 ,0.9002 ,America,America NC
129,mbe,Molalla,,Penutian,Wordlist,Long,4,,3.6639 ,0.2110 ,10.2509 ,0.3574 ,America,America NC
130,mir,Isthmus Mixe,,MixeZoque,Running speech,Uniform,6,,2.3142 ,0.1426 ,7.1670 ,0.3229 ,America,America NC
131,mus,Creek,Muskogee,Muskogean,Wordlist,Long,3,,4.1266 ,0.1567 ,6.8780 ,0.6000 ,America,America NC
132,mus,Creek,Muskogee,Muskogean,Wordlist,Short,3,,3.2777 ,0.1276 ,4.1728 ,0.7855 ,America,America NC
133,mxp,Ayutla Mixe,,MixeZoquean,Carrier sentence,Uniform,7,,2.4909 ,0.2532 ,9.7907 ,0.2544 ,America,America NC
134,nav,Navajo,,DeneYeniseian,Wordlist,Long,4,,4.4818 ,0.2278 ,16.0024 ,0.2801 ,America,America NC
135,nav,Navajo,,DeneYeniseian,Wordlist,Short,4,,3.1873 ,0.1727 ,8.7240 ,0.3654 ,America,America NC
136,pei,Chichimeca,,OtoManguean,Wordlist,Uniform,7,,2.7227 ,0.2549 ,16.5772 ,0.1642 ,America,America NC
137,tee,Huehuetla Tepehua,,Totonacan,Wordlist,Combined,5,,2.0788 ,0.1652 ,4.4206 ,0.4702 ,America,America NC
138,zai,Juchitan Zapotec,,OtoManguean,Wordlist,Uniform,5,,3.4003 ,0.2964 ,13.7516 ,0.2473 ,America,America NC
139,bnh,Banawa,,Arawakan,Wordlist,Uniform,4,,3.8067 ,0.1550 ,12.1111 ,0.3143 ,America,America S
140,boa,Bora,,Witotoan,Isolation,Long,6,,2.6625 ,0.2594 ,11.7126 ,0.2273 ,America,America S
141,boa,Bora,,Witotoan,Wordlist,Long,6,,2.1297 ,0.2153 ,8.5820 ,0.2482 ,America,America S
142,gug,Paraguayan Guarani,,Tupian,Wordlist,Uniform,6,,3.1164 ,0.2173 ,13.9492 ,0.2234 ,America,America S
143,ktn,Karitiana,,Tupian,Carrier sentence,Combined,5,,2.8607 ,0.1414 ,7.6509 ,0.3739 ,America,America S
144,kyr,Kuruaya,,Tupian,Wordlist,Uniform,6,,2.5821 ,0.2376 ,8.0325 ,0.3215 ,America,America S
145,myu,Munduruku,,Tupi,Wordlist,Uniform,5,,3.1972 ,0.1737 ,10.4452 ,0.3061 ,America,America S
146,nab,Nambikwara,,Nambikwaran,Wordlist,Uniform,5,,3.4938 ,0.3140 ,15.9970 ,0.2184 ,America,America S
147,pav,Wari,,ChapacuraWanham,Wordlist,Uniform,6,,1.5280 ,0.1580 ,8.5160 ,0.1794 ,America,America S
148,que,Quichua,Otavalo,Quechuan,Carrier sentence,Uniform,3,,3.6648 ,0.0831 ,5.4226 ,0.6758 ,America,America S
149,quz,Quechua,Cusco,Quechuan,Carrier sentence,Uniform,5,,2.6576 ,0.1486 ,8.0605 ,0.3297 ,America,America S
150,skf,Sakurabiat,,Tupian,Carrier sentence,Long,5,,3.0310 ,0.1410 ,10.4969 ,0.2887 ,America,America S
151,skf,Sakurabiat,,Tupian,Carrier sentence,Short,5,,2.7737 ,0.1472 ,9.6839 ,0.2864 ,America,America S
152,spa,Spanish,Mexican>Tijuana,IndoEuropean,Carrier sentence,Uniform,5,,3.4846 ,0.2778 ,17.1596 ,0.2031 ,America,America S
153,spa,Spanish,Rioplatense>Buenos Aires,IndoEuropean,Carrier sentence,Uniform,5,,3.2612 ,0.2847 ,13.7028 ,0.2380 ,America,America S
154,tca,Ticuna,,Isolate,Wordlist,Uniform,7,,2.9296 ,0.3203 ,14.3694 ,0.2039 ,America,America S
155,top,Totonac,Papantla,Totonacan,Wordlist,Combined,3,,4.3767 ,0.0956 ,7.8450 ,0.5579 ,America,America S
156,top,Totonac,Papantla,Totonacan,Wordlist,Combined,3,,3.7948 ,0.1093 ,5.3583 ,0.7082 ,America,America S
157,ben,Bengali,Calcutta,IndoEuropean,Wordlist,Uniform,7,,2.4603 ,0.2709 ,12.1153 ,0.2031 ,Asia,CS Asia
158,ben,Bengali,Bangladesh,IndoEuropean,Carrier sentence,Uniform,7,,2.2344 ,0.2643 ,8.8135 ,0.2535 ,Asia,CS Asia
159,brx,Bodo,,SinoTibetan,Isolation,Uniform,6,,2.3758 ,0.1762 ,10.7438 ,0.2211 ,Asia,CS Asia
160,dgo,Dogri,,IndoEuropean,Wordlist,Short,3,,4.4282 ,0.1772 ,7.2333 ,0.6122 ,Asia,CS Asia
161,dgo,Dogri,,IndoEuropean,Wordlist,Long,7,,2.6147 ,0.4963 ,16.5653 ,0.1578 ,Asia,CS Asia
162,guj,Gujarati,,IndoEuropean,Wordlist,Uniform,7,,2.8902 ,0.3124 ,18.1685 ,0.1591 ,Asia,CS Asia
163,kan,Kannada,Mysore,Dravidian,Carrier sentence,Long,5,,2.2152 ,0.2312 ,10.1743 ,0.2177 ,Asia,CS Asia
164,kan,Kannada,Mysore,Dravidian,Carrier sentence,Short,5,,1.8576 ,0.1310 ,3.7845 ,0.4908 ,Asia,CS Asia
165,kan,Kannada,Shimoga,Dravidian,Wordlist,Combined,5,,3.0136 ,0.2128 ,10.5062 ,0.2868 ,Asia,CS Asia
166,kaz,Kazakh,,Altaic,Isolation,Uniform,9,,2.1526 ,0.5007 ,10.4716 ,0.2056 ,Asia,CS Asia
167,kaz,Kazakh,,Altaic,Wordlist,Uniform,9,,1.8538 ,0.3217 ,7.9373 ,0.2336 ,Asia,CS Asia
168,mai,Maithili,,IndoEuropean,Isolation,Uniform,8,,2.9058 ,0.6976 ,25.2963 ,0.1149 ,Asia,CS Asia
169,mai,Maithili,,IndoEuropean,Wordlist,Uniform,8,,3.0448 ,0.5504 ,21.9540 ,0.1387 ,Asia,CS Asia
170,mai,Maithili,,IndoEuropean,Carrier sentence,Uniform,8,,3.0053 ,0.5080 ,17.5993 ,0.1708 ,Asia,CS Asia
171,nep,Nepali,Eastern,IndoEuropean,Isolation,Uniform,6,,2.8446 ,0.3941 ,17.8382 ,0.1595 ,Asia,CS Asia
172,new,Ngwe,,NigerCongo,Wordlist,Uniform,13,,2.7117 ,0.7119 ,25.5135 ,0.1063 ,Asia,CS Asia
173,nia,Nias,,Austronesian,Wordlist,Uniform,6,,3.8784 ,0.2906 ,22.0891 ,0.1756 ,Asia,CS Asia
174,njm,Angami,,SinoTibetan,Carrier sentence,Uniform,6,,3.3074 ,0.3107 ,15.6923 ,0.2108 ,Asia,CS Asia
175,njo,Ao,Mongsen,SinoTibetan,Wordlist,Uniform,5,,3.2420 ,0.2444 ,11.1981 ,0.2895 ,Asia,CS Asia
176,ori,Oriya,Standard,IndoEuropean,Isolation,Uniform,6,,2.4179 ,0.4528 ,14.3992 ,0.1679 ,Asia,CS Asia
177,ori,Oriya,Standard,IndoEuropean,Wordlist,Uniform,6,,2.5661 ,0.2446 ,9.1644 ,0.2800 ,Asia,CS Asia
178,pan,Punjabi,Doabi,IndoEuropean,Wordlist,Short,3,,2.9399 ,0.0818 ,3.4597 ,0.8497 ,Asia,CS Asia
179,pbu,Pashto,Northern,IndoEuropean,Wordlist,Long,3,,4.1262 ,0.1027 ,7.2580 ,0.5685 ,Asia,CS Asia
180,pbu,Pashto,Northern,IndoEuropean,Wordlist,Short,6,,2.4070 ,0.1711 ,9.2448 ,0.2604 ,Asia,CS Asia
181,pes,Persian,,IndoEuropean,Isolation,Mixed,6,,3.5234 ,0.3668 ,17.8411 ,0.1975 ,Asia,CS Asia
182,prs,Dari,,IndoEuropean,Wordlist,Mixed,8,,2.4041 ,0.3138 ,14.5476 ,0.1653 ,Asia,CS Asia
183,tcx,Toda,,Dravidian,Wordlist,Mixed,9,,1.7182 ,0.2424 ,7.5587 ,0.2273 ,Asia,CS Asia
184,tel,Telugu,,Dravidian,Wordlist,Long,5,,3.0346 ,0.2195 ,10.3883 ,0.2921 ,Asia,CS Asia
185,tel,Telugu,Rayalaseema,Dravidian,Carrier sentence,Long,5,,2.3522 ,0.2653 ,9.6734 ,0.2432 ,Asia,CS Asia
186,tel,Telugu,Rayalaseema,Dravidian,Carrier sentence,Short,5,,2.6589 ,0.2143 ,6.8258 ,0.3895 ,Asia,CS Asia
187,tel,Telugu,Telengana,Dravidian,Carrier sentence,Long,5,,2.2704 ,0.2768 ,9.7433 ,0.2330 ,Asia,CS Asia
188,tel,Telugu,Telengana,Dravidian,Carrier sentence,Short,5,,2.6138 ,0.2332 ,7.2716 ,0.3594 ,Asia,CS Asia
189,tel,Telugu,,Dravidian,Wordlist,Short,6,,1.8343 ,0.1614 ,6.2335 ,0.2943 ,Asia,CS Asia
190,urd,Urdu,,IndoEuropean,Carrier sentence,Short,3,,3.7241 ,0.1148 ,4.8778 ,0.7635 ,Asia,CS Asia
191,urd,Urdu,,IndoEuropean,Wordlist,Short,4,,2.4741 ,0.1290 ,5.2181 ,0.4741 ,Asia,CS Asia
192,urd,Urdu,,IndoEuropean,Wordlist,Long,7,,2.7178 ,0.4280 ,15.6597 ,0.1736 ,Asia,CS Asia
193,ami,Amis,,Austronesian,Wordlist,Uniform,3,,4.1339 ,0.1586 ,7.1892 ,0.5750 ,Asia,East Asia
194,bbc,Toba Batak,,Austronesian,Carrier sentence,Uniform,5,,2.0967 ,0.1555 ,8.7584 ,0.2394 ,Asia,East Asia
195,bru,Brou,Eastern,AustroAsiatic,Carrier sentence,Long,10,,3.3699 ,0.8417 ,24.7650 ,0.1361 ,Asia,East Asia
196,bru,Brou,Eastern,AustroAsiatic,Carrier sentence,Short,10,,3.1459 ,1.0872 ,24.8459 ,0.1266 ,Asia,East Asia
197,cmn,Mandarin,Taiwan,SinoTibetan,Wordlist,Uniform,5,,2.5786 ,0.2386 ,14.8421 ,0.1737 ,Asia,East Asia
198,cmn,Mandarin,Standard,SinoTibetan,Isolation,Uniform,5,,2.7601 ,0.3613 ,19.0599 ,0.1448 ,Asia,East Asia
199,cmn,Mandarin,Standard,SinoTibetan,Carrier sentence,Uniform,5,,2.6555 ,0.2392 ,15.8697 ,0.1673 ,Asia,East Asia
200,cng,Northern Qiang,Hongyan,SinoTibetan,Wordlist,Short,4,,2.7078 ,0.0773 ,5.5592 ,0.4871 ,Asia,East Asia
201,cog,Chong,,AustroAsiatic,Wordlist,Long,9,,2.9350 ,0.4169 ,17.6438 ,0.1663 ,Asia,East Asia
202,cog,Chong,,AustroAsiatic,Wordlist,Short,9,,2.5733 ,0.4579 ,13.2927 ,0.1936 ,Asia,East Asia
203,drd,Darma,,SinoTibetan,Wordlist,Uniform,6,,2.3285 ,0.2070 ,7.7169 ,0.3017 ,Asia,East Asia
204,dru,Rukai,Budai,Austronesian,Wordlist,Uniform,4,,3.0853 ,0.2032 ,6.9269 ,0.4454 ,Asia,East Asia
205,evn,Solon,Yaohe,Altaic,Wordlist,Long,10,,1.9466 ,0.5078 ,13.4097 ,0.1452 ,Asia,East Asia
206,hak,Hakka,Meixian,Sinitic,Carrier sentence,Uniform,5,,3.6959 ,0.4335 ,19.9782 ,0.1850 ,Asia,East Asia
207,ind,Indonesian,,Austronesian,Isolation,Uniform,6,,3.0069 ,0.2261 ,15.9691 ,0.1883 ,Asia,East Asia
208,ind,Indonesian,,Austronesian,Carrier sentence,Uniform,6,,3.0582 ,0.3186 ,12.3034 ,0.2486 ,Asia,East Asia
209,jpn,Japanese,Tokyo,Japonic,Wordlist,Long,5,,3.6452 ,0.3010 ,13.6066 ,0.2679 ,Asia,East Asia
210,jpn,Japanese,Tokyo,Japonic,Wordlist,Short,5,,2.9887 ,0.2235 ,7.9829 ,0.3744 ,Asia,East Asia
211,jpn,Japanese,Tokyo,Japonic,Carrier sentence,Long,5,,3.4105 ,0.2657 ,12.0127 ,0.2839 ,Asia,East Asia
212,jpn,Japanese,Tokyo,Japonic,Carrier sentence,Short,5,,3.2657 ,0.2759 ,10.2808 ,0.3177 ,Asia,East Asia
213,jpn,Japanese,Standard,Japonic,Isolation,Combined,5,,3.9301 ,0.3299 ,15.3419 ,0.2562 ,Asia,East Asia
214,jpn,Japanese,Standard,Japonic,Wordlist,Combined,5,,3.0607 ,0.2036 ,9.2811 ,0.3298 ,Asia,East Asia
215,jpn,Japanese,Standard,Japonic,Running speech,Combined,5,,2.3155 ,0.1579 ,4.0976 ,0.5651 ,Asia,East Asia
216,jpn,Japanese,Standard,Japonic,Wordlist,?,5,,3.3957 ,0.2212 ,10.9033 ,0.3114 ,Asia,East Asia
217,jpn,Japanese,Tokyo,Japonic,Running speech,short,5,,2.0415 ,0.1395 ,3.8653 ,0.5282 ,Asia,East Asia
218,jpn,Japanese,Tokyo,Japonic,Wordlist,short,5,,3.0105 ,0.2728 ,9.1075 ,0.3306 ,Asia,East Asia
219,jpn,Japanese,Tosu,Japonic,Wordlist,Short,5,,2.7705 ,0.2460 ,11.2623 ,0.2460 ,Asia,East Asia
220,jpn,Japanese,Karatsu,Japonic,Wordlist,Short,5,,2.6012 ,0.2578 ,12.0245 ,0.2163 ,Asia,East Asia
221,jpn,Japanese,Saga,Japonic,Wordlist,Short,5,,2.2817 ,0.2333 ,9.5321 ,0.2394 ,Asia,East Asia
222,kca,Khanty,Ob,Uralic,Wordlist,Long,4,,3.0259 ,0.2065 ,5.4226 ,0.5580 ,Asia,East Asia
223,kca,Khanty,Ob,Uralic,Wordlist,Short,4,,3.2260 ,0.1458 ,5.5698 ,0.5792 ,Asia,East Asia
224,kdt,Kuy,,AustroAsiatic,Wordlist,Short,11,,2.4074 ,0.8960 ,15.2070 ,0.1583 ,Asia,East Asia
225,kdt,Kuy,,AustroAsiatic,Wordlist,Long,11,,2.3886 ,0.8944 ,14.1206 ,0.1692 ,Asia,East Asia
226,khk,Khalkha,Standard,Altaic,Wordlist,Long,7,,2.1142 ,0.4056 ,10.8680 ,0.1945 ,Asia,East Asia
227,khk,Khalkha,Bajanhongor,Altaic,Wordlist,Long,8,,2.4794 ,0.4482 ,12.0685 ,0.2054 ,Asia,East Asia
228,khm,Khmer,Battambang,AustroAsiatic,Wordlist,Long,8,,3.4206 ,0.4898 ,22.0937 ,0.1548 ,Asia,East Asia
229,khm,Khmer,Battambang,AustroAsiatic,Wordlist,Short,9,,2.3041 ,0.4044 ,13.4005 ,0.1719 ,Asia,East Asia
230,kor,Korean,Pyongyang,Isolate,Carrier sentence,Combined,6,,2.2450 ,0.1894 ,12.0471 ,0.1864 ,Asia,East Asia
231,kor,Korean,Chungnam,Isolate,Carrier sentence,Short,7,,2.8765 ,0.4419 ,12.6126 ,0.2281 ,Asia,East Asia
232,kor,Korean,Standard New,Isolate,Isolation,Long,7,,2.4621 ,0.2836 ,9.5881 ,0.2568 ,Asia,East Asia
233,kor,Korean,Hamkyong,Isolate,Carrier sentence,Combined,8,,2.5743 ,0.4336 ,13.7227 ,0.1876 ,Asia,East Asia
234,kor,Korean,Seoul,Isolate,Carrier sentence,Long,8,,2.4454 ,0.3869 ,13.3718 ,0.1829 ,Asia,East Asia
235,kor,Korean,Seoul,Isolate,Carrier sentence,Short,8,,2.3034 ,0.2822 ,10.7499 ,0.2143 ,Asia,East Asia
236,kor,Korean,Seoul,Isolate,Wordlist,Uniform,10,,2.0053 ,0.3406 ,11.8313 ,0.1695 ,Asia,East Asia
237,kor,Korean,Standard Old,Isolate,Wordlist,Uniform,10,,1.4553 ,0.3300 ,14.1385 ,0.1029 ,Asia,East Asia
238,kxm,Northern Khmer,Surin,AustroAsiatic,Wordlist,Long,14,,2.8640 ,1.1447 ,24.8419 ,0.1153 ,Asia,East Asia
239,kxm,Northern Khmer,Surin,AustroAsiatic,Wordlist,Short,14,,2.4975 ,1.2715 ,22.1536 ,0.1127 ,Asia,East Asia
240,mad,Madurese,Standard,Austronesian,Carrier sentence,Uniform,8,,2.6447 ,0.4287 ,18.0900 ,0.1462 ,Asia,East Asia
241,mvf,Inner Mongolian,Chakhar,Altaic,Wordlist,Long,8,,2.1837 ,0.8597 ,11.9296 ,0.1830 ,Asia,East Asia
242,mvf,Inner Mongolian,Shuulun Hoh-Banner Chakhar,Altaic,Wordlist,Short,10,,2.4181 ,0.3814 ,15.8602 ,0.1525 ,Asia,East Asia
243,mvf,Inner Mongolian,Baarin,Altaic,Wordlist,Long,11,,2.2617 ,0.6449 ,19.0411 ,0.1188 ,Asia,East Asia
244,mvf,Inner Mongolian,Shiliingol,Altaic,Wordlist,Long,11,,2.3400 ,0.5698 ,13.8277 ,0.1692 ,Asia,East Asia
245,mvf,Inner Mongolian,Shuulun Hoh-Banner Chakhar,Altaic,Wordlist,Long,11,,2.8299 ,0.5325 ,20.7975 ,0.1361 ,Asia,East Asia
246,mvf,Inner Mongolian,Baarin,Altaic,Wordlist,Long,12,,1.7852 ,0.6392 ,13.0302 ,0.1370 ,Asia,East Asia
247,nan,Min Taiwanese,Nan (Southern),SinoTibetan,Carrier sentence,Uniform,5,,3.5218 ,0.4694 ,20.5614 ,0.1713 ,Asia,East Asia
248,nun,Anong,Mugujia,SinoTibetan,Wordlist,Uniform,6,,2.1626 ,0.3086 ,7.6444 ,0.2829 ,Asia,East Asia
249,prk,Wa,Kunming,AustroAsiatic,Wordlist,Uniform,9,,2.5703 ,0.4088 ,17.5784 ,0.1462 ,Asia,East Asia
250,prk,Wa,Standard,AustroAsiatic,Carrier sentence,Uniform,9,,2.8939 ,0.6270 ,17.4752 ,0.1656 ,Asia,East Asia
251,pwn,Paiwan,,Austronesian,Wordlist,Uniform,4,,3.6674 ,0.3120 ,9.5149 ,0.3854 ,Asia,East Asia
252,sun,Sundenese,,Austronesian,Wordlist,Uniform,7,,2.6732 ,0.2857 ,14.0567 ,0.1902 ,Asia,East Asia
253,tha,Thai,Standard,Kradai,Isolation,Long,9,,2.7504 ,0.4941 ,15.7946 ,0.1741 ,Asia,East Asia
254,tha,Thai,Standard,Kradai,Isolation,Short,9,,2.5909 ,0.5465 ,13.0335 ,0.1988 ,Asia,East Asia
255,tha,Thai,Standard,Kradai,Wordlist,Long,9,,2.7085 ,0.4962 ,15.4885 ,0.1749 ,Asia,East Asia
256,tha,Thai,Standard,Kradai,Wordlist,Short,9,,2.3045 ,0.4227 ,13.4076 ,0.1719 ,Asia,East Asia
257,tha,Thai,Standard,Kradai,Isolation,Combined,9,,2.9769 ,0.4367 ,17.5731 ,0.1694 ,Asia,East Asia
258,trv,Truku,Hualian,Austronesian,Wordlist,Uniform,6,,2.2534 ,0.2315 ,11.1171 ,0.2027 ,Asia,East Asia
259,tsg,Tausug,Sulu,Austronesian,Meaningful sentence,Long,3,,4.9163 ,0.1780 ,9.8054 ,0.5014 ,Asia,East Asia
260,tsu,Tsou,Tfuea,Austronesian,Wordlist,Uniform,6,,2.8547 ,0.2792 ,11.5355 ,0.2475 ,Asia,East Asia
261,uig,Uyghur,,Altaic,Wordlist,Uniform,8,,2.1088 ,0.3190 ,10.3346 ,0.2040 ,Asia,East Asia
262,vie,Vietnamese,Hanoi,AustroAsiatic,Wordlist,Mixed,11,,1.9387 ,0.5766 ,10.8901 ,0.1780 ,Asia,East Asia
263,vie,Vietnamese,Hanoi,AustroAsiatic,Wordlist,Mixed,11,,2.2178 ,0.6346 ,15.6709 ,0.1415 ,Asia,East Asia
264,wuu,Wu,Shanghai,SinoTibetan,Carrier sentence,Short,4,,2.7001 ,0.1694 ,4.9996 ,0.5401 ,Asia,East Asia
265,wuu,Wu,Shanghai,SinoTibetan,Carrier sentence,Long,9,,2.9120 ,0.4519 ,23.1227 ,0.1259 ,Asia,East Asia
266,wuu,Wu,Ningbo,SinoTibetan,Carrier sentence,Uniform,9,,2.6431 ,0.4086 ,18.7742 ,0.1408 ,Asia,East Asia
267,wuu,Wu,Ningbo,SinoTibetan,Carrier sentence,Uniform,10,,1.8009 ,0.4183 ,18.7742 ,0.0959 ,Asia,East Asia
268,wuu,Wu,Shanghai,SinoTibetan,Carrier sentence,Uniform,10,,2.7611 ,0.4998 ,23.6224 ,0.1169 ,Asia,East Asia
269,yue,Cantonese,Hong Kong,SinoTibetan,Carrier sentence,Short,4,,2.9754 ,0.3027 ,6.4789 ,0.4592 ,Asia,East Asia
270,yue,Cantonese,Guangzhou,SinoTibetan,Wordlist,Short,4,,2.7388 ,0.1825 ,4.6168 ,0.5932 ,Asia,East Asia
271,yue,Cantonese,Hong Kong,SinoTibetan,Wordlist,Short,4,,2.5584 ,0.1920 ,5.1451 ,0.4973 ,Asia,East Asia
272,yue,Cantonese,Hong Kong,SinoTibetan,Carrier sentence,Short,4,,2.6867 ,0.2219 ,5.8273 ,0.4611 ,Asia,East Asia
273,yue,Cantonese,Hong Kong,SinoTibetan,Carrier sentence,Long,7,,3.3881 ,0.5313 ,19.0852 ,0.1775 ,Asia,East Asia
274,yue,Cantonese,Guangzhou,SinoTibetan,Wordlist,Long,7,,2.8568 ,0.3439 ,14.2119 ,0.2010 ,Asia,East Asia
275,yue,Cantonese,Hong Kong,SinoTibetan,Wordlist,Long,7,,3.1114 ,0.3661 ,17.0588 ,0.1824 ,Asia,East Asia
276,yue,Cantonese,Hong Kong,SinoTibetan,Carrier sentence,Long,7,,3.5740 ,0.5600 ,27.2297 ,0.1313 ,Asia,East Asia
277,aln,Gheg Albanian,,IndoEuropean,Wordlist,Long,6,,2.3939 ,0.2513 ,13.3574 ,0.1792 ,Europe,Europe
278,aln,Gheg Albanian,,IndoEuropean,Wordlist,Short,6,,2.4781 ,0.1542 ,8.2028 ,0.3021 ,Europe,Europe
279,arg,Aragonese,Chistabino,IndoEuropean,Wordlist,Uniform,5,,2.9872 ,0.2871 ,11.7214 ,0.2549 ,Europe,Europe
280,bar,Bavarian,,IndoEuropean,Carrier sentence,Long,13,,2.2094 ,0.4789 ,18.1393 ,0.1218 ,Europe,Europe
281,bre,Breton,Argol,IndoEuropean,Meaningful sentence,Uniform,9,,2.4023 ,0.3815 ,14.2451 ,0.1686 ,Europe,Europe
282,bul,Bulgarian,,IndoEuropean,Wordlist,Uniform,6,,2.9741 ,0.3021 ,10.8562 ,0.2740 ,Europe,Europe
283,bul,Bulgarian,Standard,IndoEuropean,Meaningful sentence,Uniform,6,,2.6646 ,0.2272 ,10.8265 ,0.2461 ,Europe,Europe
284,cat,Catalan,Sitgeta,IndoEuropean,Meaningful sentence,Uniform,5,,2.6781 ,0.1905 ,7.8183 ,0.3425 ,Europe,Europe
285,cat,Catalan,Rossellones,IndoEuropean,Meaningful sentence,Uniform,5,,3.0974 ,0.1884 ,10.4115 ,0.2975 ,Europe,Europe
286,cat,Catalan,Gironi,IndoEuropean,Meaningful sentence,Uniform,6,,2.5048 ,0.1926 ,8.9956 ,0.2784 ,Europe,Europe
287,cat,Catalan,Felanitxer,IndoEuropean,Meaningful sentence,Uniform,7,,2.6934 ,0.3945 ,12.7825 ,0.2107 ,Europe,Europe
288,cat,Catalan,Eastern,IndoEuropean,Isolation,Uniform,7,,3.6543 ,0.7451 ,26.7680 ,0.1365 ,Europe,Europe
289,cat,Catalan,Eastern,IndoEuropean,Carrier sentence,Uniform,7,,2.9455 ,0.2534 ,15.0509 ,0.1957 ,Europe,Europe
290,cat,Catalan,Valencian,IndoEuropean,Meaningful sentence,Uniform,7,,2.4609 ,0.2742 ,10.5426 ,0.2334 ,Europe,Europe
291,cat,Catalan,Western,IndoEuropean,Meaningful sentence,Uniform,7,,2.3390 ,0.2617 ,9.2905 ,0.2518 ,Europe,Europe
292,cat,Catalan,Eastern,IndoEuropean,Meaningful sentence,Uniform,7,,2.3421 ,0.2967 ,9.3727 ,0.2499 ,Europe,Europe
293,cat,Catalan,Majorcan,IndoEuropean,Meaningful sentence,Uniform,8,,2.4872 ,0.3889 ,12.5038 ,0.1989 ,Europe,Europe
294,chv,Chuvash,Northern,Altaic,Wordlist,Uniform,9,,1.7581 ,0.5914 ,11.6039 ,0.1515 ,Europe,Europe
295,cym,Welsh,North Eastern>Dyffryn Clwyd,IndoEuropean,Wordlist,Long,6,,2.8022 ,0.3025 ,14.6037 ,0.1919 ,Europe,Europe
296,cym,Welsh,North Eastern>Dyffryn Clwyd,IndoEuropean,Wordlist,Short,7,,1.5507 ,0.3281 ,6.7404 ,0.2301 ,Europe,Europe
297,cym,Welsh,,IndoEuropean,Isolation,Long,7,,3.0800 ,0.3985 ,23.3695 ,0.1318 ,Europe,Europe
298,cym,Welsh,,IndoEuropean,Isolation,Short,7,,3.4903 ,0.3583 ,20.7452 ,0.1682 ,Europe,Europe
299,dan,Danish,Standard,IndoEuropean,Wordlist,Long,10,,1.9532 ,0.3075 ,12.1511 ,0.1607 ,Europe,Europe
300,dan,Danish,Standard,IndoEuropean,Wordlist,Long,10,,2.2836 ,0.2933 ,14.6600 ,0.1558 ,Europe,Europe
301,dan,Danish,Standard,IndoEuropean,Wordlist,Short,10,,2.3354 ,0.2758 ,16.2015 ,0.1441 ,Europe,Europe
302,dan,Danish,Standard,IndoEuropean,Isolation,Long,10,,2.3588 ,0.3620 ,16.1158 ,0.1464 ,Europe,Europe
303,ddo,Tsez,Asax,Tsezic,Wordlist,Uniform,5,,3.2421 ,0.2433 ,12.5454 ,0.2584 ,Europe,Europe
304,deu,German,Standard Northern,IndoEuropean,Wordlist,Short,7,,2.0573 ,0.2312 ,7.2321 ,0.2845 ,Europe,Europe
305,deu,German,Standard Central,IndoEuropean,Wordlist,Short,7,,1.8808 ,0.2115 ,5.6978 ,0.3301 ,Europe,Europe
306,deu,German,Standard Swiss,IndoEuropean,Wordlist,Short,7,,2.7776 ,0.2709 ,12.6995 ,0.2187 ,Europe,Europe
307,deu,German,Vienna,IndoEuropean,Wordlist,Short,7,,3.0066 ,0.2895 ,16.3194 ,0.1842 ,Europe,Europe
308,deu,German,Standard Northern,IndoEuropean,Wordlist,Short,7,,2.6995 ,0.3035 ,12.3218 ,0.2191 ,Europe,Europe
309,deu,German,Standard Northern,IndoEuropean,Meaningful sentence,Long,7,,2.0446 ,0.2113 ,8.8193 ,0.2318 ,Europe,Europe
310,deu,German,Standard Northern,IndoEuropean,Meaningful sentence,Short,7,,1.7135 ,0.2144 ,5.2774 ,0.3247 ,Europe,Europe
311,deu,German,Vienna,IndoEuropean,Carrier sentence,Long,7,,1.8588 ,0.3812 ,14.6049 ,0.1273 ,Europe,Europe
312,deu,German,Vienna,IndoEuropean,Carrier sentence,Short,7,,2.4310 ,0.2793 ,9.7152 ,0.2502 ,Europe,Europe
313,deu,German,Vienna,IndoEuropean,Meaningful sentence,Long,7,,1.9249 ,0.2749 ,10.9227 ,0.1762 ,Europe,Europe
314,deu,German,Vienna,IndoEuropean,Meaningful sentence,Short,7,,2.2347 ,0.2618 ,8.8900 ,0.2514 ,Europe,Europe
315,deu,German,Vienna,IndoEuropean,Running speech,Long,7,,2.1955 ,0.2516 ,7.4299 ,0.2955 ,Europe,Europe
316,deu,German,Vienna,IndoEuropean,Running speech,Short,7,,1.9795 ,0.2184 ,5.7923 ,0.3417 ,Europe,Europe
317,deu,German,Standard,IndoEuropean,Wordlist,Long,8,,2.3927 ,0.2669 ,14.7705 ,0.1620 ,Europe,Europe
318,deu,German,Standard Central,IndoEuropean,Wordlist,Long,8,,2.6958 ,0.2655 ,16.5795 ,0.1626 ,Europe,Europe
319,deu,German,Standard Swiss,IndoEuropean,Wordlist,Long,8,,3.0966 ,0.4111 ,21.6083 ,0.1433 ,Europe,Europe
320,deu,German,Vienna,IndoEuropean,Wordlist,Long,8,,2.7869 ,0.3618 ,21.3510 ,0.1305 ,Europe,Europe
321,deu,German,Standard Northern,IndoEuropean,Wordlist,Long,8,,2.8114 ,0.3171 ,19.6904 ,0.1428 ,Europe,Europe
322,egl,Emilian,,IndoEuropean,Wordlist,Long,9,,2.9041 ,0.4984 ,18.8942 ,0.1537 ,Europe,Europe
323,egl,Emilian,Frignano,IndoEuropean,Wordlist,Long,9,,3.2699 ,0.5261 ,23.7360 ,0.1378 ,Europe,Europe
324,ekk,Estonian,Eastern Saaremaa,Uralic,Wordlist,Long,7,,2.9126 ,0.2817 ,14.0195 ,0.2078 ,Europe,Europe
325,ekk,Estonian,Western Saaremaa,Uralic,Wordlist,Long,7,,2.8778 ,0.2822 ,14.0579 ,0.2047 ,Europe,Europe
326,ekk,Estonian,Eastern Saaremaa,Uralic,Wordlist,Short,8,,2.4348 ,0.2721 ,11.4528 ,0.2126 ,Europe,Europe
327,ekk,Estonian,Western Saaremaa,Uralic,Wordlist,Short,8,,2.3868 ,0.2792 ,10.9069 ,0.2188 ,Europe,Europe
328,ekk,Estonian,Muhu Old,Uralic,Wordlist,Long,9,,2.5261 ,0.3534 ,14.0914 ,0.1793 ,Europe,Europe
329,ekk,Estonian,Muhu Old,Uralic,Wordlist,Short,9,,2.2828 ,0.3597 ,12.6515 ,0.1804 ,Europe,Europe
330,ekk,Estonian,Standard,Uralic,Isolation,Combined,9,,3.0961 ,0.5061 ,19.6486 ,0.1576 ,Europe,Europe
331,ekk,Estonian,Standard,Uralic,Isolation,Combined,9,,2.4132 ,0.7057 ,17.4929 ,0.1380 ,Europe,Europe
332,ekk,Estonian,Muhu New,Uralic,Wordlist,Long,9,,2.8092 ,0.3706 ,14.7903 ,0.1899 ,Europe,Europe
333,ekk,Estonian,Muhu New,Uralic,Wordlist,Short,9,,2.4201 ,0.3126 ,12.2819 ,0.1970 ,Europe,Europe
334,ekk,Estonian,Standard,Uralic,Meaningful sentence,Long,9,,3.1799 ,0.4384 ,20.7305 ,0.1534 ,Europe,Europe
335,ekk,Estonian,Standard,Uralic,Meaningful sentence,Short,9,,2.4834 ,0.3937 ,16.8741 ,0.1472 ,Europe,Europe
336,ell,Greek,,IndoEuropean,Carrier sentence,Uniform,5,,2.9460 ,0.2745 ,10.2316 ,0.2879 ,Europe,Europe
337,ell,Greek,,IndoEuropean,Carrier sentence,Uniform,5,,2.8817 ,0.2022 ,9.5238 ,0.3026 ,Europe,Europe
338,ell,Greek,,IndoEuropean,Meaningful sentence,Uniform,5,,2.7735 ,0.1833 ,8.3077 ,0.3338 ,Europe,Europe
339,ell,Greek,Thesaloniki,IndoEuropean,Wordlist,Uniform,5,,3.0573 ,0.1882 ,10.2017 ,0.2997 ,Europe,Europe
340,ell,Greek,Athens,IndoEuropean,Wordlist,Uniform,5,,3.0945 ,0.1583 ,10.2890 ,0.3008 ,Europe,Europe
341,ell,Greek,Standard,IndoEuropean,Wordlist,Uniform,5,,2.7465 ,0.2185 ,7.7418 ,0.3548 ,Europe,Europe
342,ell,Greek,Standard,IndoEuropean,Running speech,Uniform,5,,1.7530 ,0.1263 ,3.4625 ,0.5063 ,Europe,Europe
343,eng,English,British>RP Old,IndoEuropean,Wordlist,Long,5,,3.6384 ,0.4033 ,12.4582 ,0.2921 ,Europe,Europe
344,eng,English,British>RP New,IndoEuropean,Wordlist,Long,5,,3.5650 ,0.3865 ,10.1952 ,0.3497 ,Europe,Europe
345,eng,English,British>RP,IndoEuropean,Running speech,Long,5,,3.0851 ,0.2265 ,9.2730 ,0.3327 ,Europe,Europe
346,eng,English,British>RP,IndoEuropean,Wordlist,Long,5,,3.6689 ,0.5883 ,12.8655 ,0.2852 ,Europe,Europe
347,eng,English,British>RP,IndoEuropean,Wordlist,Long,5,,3.7052 ,0.3769 ,14.1214 ,0.2624 ,Europe,Europe
348,eng,English,British>RP Old,IndoEuropean,Wordlist,Long,5,,3.4310 ,0.3845 ,13.4820 ,0.2545 ,Europe,Europe
349,eng,English,British>RP Old,IndoEuropean,Wordlist,Short,6,,2.7622 ,0.3066 ,10.4889 ,0.2633 ,Europe,Europe
350,eng,English,British>RP New,IndoEuropean,Wordlist,Short,6,,3.2078 ,0.3411 ,12.9778 ,0.2472 ,Europe,Europe
351,eng,English,British>RP Old,IndoEuropean,Wordlist,Short,6,,3.1590 ,0.4028 ,14.4467 ,0.2187 ,Europe,Europe
352,eng,English,British>RP,IndoEuropean,Running speech,Short,6,,2.1607 ,0.2382 ,6.4295 ,0.3361 ,Europe,Europe
353,eng,English,British>RP,IndoEuropean,Wordlist,Short,6,,2.7436 ,0.4308 ,10.1685 ,0.2698 ,Europe,Europe
354,eng,English,British>RP,IndoEuropean,Wordlist,Short,6,,2.7787 ,0.3209 ,11.0979 ,0.2504 ,Europe,Europe
355,eng,English,British>Somerset,IndoEuropean,Running speech,Mixed,10,,2.1993 ,0.6837 ,13.4250 ,0.1638 ,Europe,Europe
356,eus,Basque,,Isolate,Wordlist,Uniform,5,,3.0076 ,0.1857 ,10.1530 ,0.2962 ,Europe,Europe
357,eus,Basque,Bilbao,Isolate,Wordlist,Uniform,5,,2.8328 ,0.2518 ,10.7414 ,0.2637 ,Europe,Europe
358,eus,Basque,Bilbao,Isolate,Running speech,Uniform,5,,2.3149 ,0.1843 ,6.3404 ,0.3651 ,Europe,Europe
359,eus,Basque,Viscaino,Isolate,Meaningful sentence,Uniform,5,,2.5948 ,0.1629 ,7.1757 ,0.3616 ,Europe,Europe
360,eus,Basque,Guipuzcoano,Isolate,Meaningful sentence,Uniform,5,,2.6980 ,0.1889 ,8.5172 ,0.3168 ,Europe,Europe
361,eus,Basque,Alto Navarro Septentrional,Isolate,Meaningful sentence,Uniform,5,,2.4059 ,0.1773 ,6.4238 ,0.3745 ,Europe,Europe
362,eus,Basque,Bajo Navarro Occidental,Isolate,Meaningful sentence,Uniform,5,,2.7733 ,0.2059 ,7.9976 ,0.3468 ,Europe,Europe
363,eus,Basque,Bajo Navarro Oriental,Isolate,Meaningful sentence,Uniform,5,,2.8592 ,0.1787 ,9.1975 ,0.3109 ,Europe,Europe
364,eus,Basque,Labortano,Isolate,Meaningful sentence,Uniform,5,,3.1864 ,0.1734 ,11.4028 ,0.2794 ,Europe,Europe
365,eus,Basque,Suletino,Isolate,Meaningful sentence,Uniform,6,,2.8594 ,0.2276 ,11.8804 ,0.2407 ,Europe,Europe
366,fin,Finnish,Standard,Uralic,Wordlist,Long,8,,3.1568 ,0.4502 ,20.6229 ,0.1531 ,Europe,Europe
367,fin,Finnish,Standard,Uralic,Wordlist,Short,8,,2.6692 ,0.3283 ,13.6119 ,0.1961 ,Europe,Europe
368,fin,Finnish,Tampere,Uralic,Meaningful sentence,Long,8,,2.1516 ,0.2633 ,9.3355 ,0.2305 ,Europe,Europe
369,fin,Finnish,Tampere,Uralic,Meaningful sentence,Short,8,,1.7682 ,0.2378 ,6.9308 ,0.2551 ,Europe,Europe
370,fin,Finnish,Standard,Uralic,Meaningful sentence,?,8,,2.3774 ,0.2438 ,10.6299 ,0.2237 ,Europe,Europe
371,fin,Finnish,Helsinki,Uralic,Wordlist,Long,8,,2.9407 ,0.4516 ,17.5295 ,0.1678 ,Europe,Europe
372,fin,Finnish,Helsinki,Uralic,Wordlist,Short,8,,2.5557 ,0.3212 ,12.7948 ,0.1997 ,Europe,Europe
373,fra,French,Standard New,IndoEuropean,Isolation,Uniform,10,,2.8467 ,0.3338 ,18.1263 ,0.1570 ,Europe,Europe
374,fra,French,Standard New,IndoEuropean,Wordlist,Uniform,10,,2.3202 ,0.4097 ,12.7628 ,0.1818 ,Europe,Europe
375,fra,French,Standard New,IndoEuropean,Running speech,Uniform,10,,1.3073 ,0.2264 ,4.4510 ,0.2937 ,Europe,Europe
376,fra,French,Standard Old,IndoEuropean,Isolation,Uniform,11,,2.2042 ,0.4539 ,13.1306 ,0.1679 ,Europe,Europe
377,fra,French,Standard Old,IndoEuropean,Wordlist,Uniform,11,,2.1871 ,0.3845 ,12.4754 ,0.1753 ,Europe,Europe
378,frr,North Frisian,Fering,IndoEuropean,Wordlist,Short,7,,2.4299 ,0.3120 ,10.1351 ,0.2397 ,Europe,Europe
379,frr,North Frisian,Fering,IndoEuropean,Wordlist,Long,8,,2.7496 ,0.4221 ,17.6367 ,0.1559 ,Europe,Europe
380,fry,Frisian,West,IndoEuropean,Wordlist,Long,9,,2.7874 ,0.4321 ,18.4132 ,0.1514 ,Europe,Europe
381,gla,Scottish Gaelic,Bernera,IndoEuropean,Wordlist,Long,9,,2.0982 ,0.3761 ,10.4144 ,0.2015 ,Europe,Europe
382,glg,Galician,,IndoEuropean,Carrier sentence,Uniform,7,,2.9276 ,0.4289 ,14.7308 ,0.1987 ,Europe,Europe
383,hbs,Serbo-Croatian,Belgrad,IndoEuropean,Wordlist,Combined,5,,3.8596 ,0.3873 ,16.7993 ,0.2298 ,Europe,Europe
384,hun,Hungarian,Standard,Uralic,Meaningful sentence,Long,7,,3.1121 ,0.2800 ,18.9020 ,0.1646 ,Europe,Europe
385,hun,Hungarian,Standard,Uralic,Meaningful sentence,Short,7,,2.6224 ,0.2829 ,9.7296 ,0.2695 ,Europe,Europe
386,hun,Hungarian,Standard,Uralic,Wordlist,Mixed,9,,2.9327 ,0.6736 ,18.7066 ,0.1568 ,Europe,Europe
387,isl,Icelandic,Standard,IndoEuropean,Wordlist,Long,8,,3.1364 ,0.4690 ,20.0050 ,0.1568 ,Europe,Europe
388,isl,Icelandic,Standard,IndoEuropean,Wordlist,Short,8,,2.6265 ,0.4605 ,15.4068 ,0.1705 ,Europe,Europe
389,isl,Icelandic,Standard,IndoEuropean,Wordlist,Long,8,,2.6416 ,0.2229 ,14.1861 ,0.1862 ,Europe,Europe
390,isl,Icelandic,Standard,IndoEuropean,Wordlist,Short,8,,2.6244 ,0.2485 ,14.4882 ,0.1811 ,Europe,Europe
391,ita,Italian,Tuscany,IndoEuropean,Wordlist,Uniform,7,,2.8796 ,0.5582 ,17.2825 ,0.1666 ,Europe,Europe
392,ita,Italian,Roma,IndoEuropean,Running speech,Uniform,7,,2.3231 ,0.2723 ,9.8580 ,0.2357 ,Europe,Europe
393,ita,Italian,Roma,IndoEuropean,Meaningful sentence,Uniform,7,,2.3863 ,0.2434 ,10.9701 ,0.2175 ,Europe,Europe
394,ita,Italian,Roma,IndoEuropean,Wordlist,Uniform,7,,2.9999 ,0.3632 ,19.5603 ,0.1534 ,Europe,Europe
395,ita,Italian,Pisa,IndoEuropean,Wordlist,Uniform,7,,3.2487 ,0.4113 ,18.6855 ,0.1739 ,Europe,Europe
396,ita,Italian,Pisa,IndoEuropean,Running speech,Uniform,7,,2.3705 ,0.2741 ,9.7722 ,0.2426 ,Europe,Europe
397,ita,Italian,Florence,IndoEuropean,Wordlist,Uniform,7,,2.8842 ,0.3430 ,16.3727 ,0.1762 ,Europe,Europe
398,ita,Italian,Tuscany,IndoEuropean,Wordlist,Uniform,7,,2.9630 ,0.4919 ,16.2705 ,0.1821 ,Europe,Europe
399,ita,Italian,Tuscany,IndoEuropean,Meaningful sentence,Uniform,7,,2.6365 ,0.3469 ,11.3622 ,0.2320 ,Europe,Europe
400,ita,Italian,Standard,IndoEuropean,Carrier sentence,Uniform,7,,2.5320 ,0.3110 ,11.6467 ,0.2174 ,Europe,Europe
401,ita,Italian,Florence,IndoEuropean,Isolation,Uniform,7,,2.9265 ,0.5588 ,17.4140 ,0.1681 ,Europe,Europe
402,kpv,Komi,Zyrian,Uralic,Meaningful sentence,Uniform,7,,3.0977 ,0.3570 ,17.2580 ,0.1795 ,Europe,Europe
403,lav,Latvian,Standard,IndoEuropean,Isolation,Long,6,,3.6270 ,0.6153 ,18.1781 ,0.1995 ,Europe,Europe
404,lav,Latvian,Standard,IndoEuropean,Isolation,Short,6,,3.5456 ,0.5504 ,17.3275 ,0.2046 ,Europe,Europe
405,lav,Latvian,Standard,IndoEuropean,Isolation,Long,6,,3.6751 ,0.4845 ,20.6355 ,0.1781 ,Europe,Europe
406,lav,Latvian,Standard,IndoEuropean,Isolation,Short,6,,3.4230 ,0.4037 ,16.9886 ,0.2015 ,Europe,Europe
407,lit,Lithuanian,Standard,IndoEuropean,Wordlist,Short,5,,2.6359 ,0.1930 ,8.0784 ,0.3263 ,Europe,Europe
408,lit,Lithuanian,Standard,IndoEuropean,Isolation,Short,5,,3.2836 ,0.3471 ,13.7646 ,0.2386 ,Europe,Europe
409,lit,Lithuanian,,IndoEuropean,Isolation,Short,5,,1.9299 ,0.2179 ,3.7068 ,0.5206 ,Europe,Europe
410,lit,Lithuanian,,IndoEuropean,Meaningful sentence,Short,5,,2.1564 ,0.2128 ,6.4441 ,0.3346 ,Europe,Europe
411,lit,Lithuanian,Standard,IndoEuropean,Wordlist,Long,6,,3.1497 ,0.3336 ,16.5627 ,0.1902 ,Europe,Europe
412,lit,Lithuanian,Standard,IndoEuropean,Isolation,Long,6,,3.9170 ,0.4571 ,24.1844 ,0.1620 ,Europe,Europe
413,lit,Lithuanian,Sakiu,IndoEuropean,Isolation,Long,6,,2.7846 ,0.3072 ,9.4701 ,0.2940 ,Europe,Europe
414,lit,Lithuanian,Sakiu,IndoEuropean,Meaningful sentence,Long,6,,2.5492 ,0.2529 ,10.8129 ,0.2358 ,Europe,Europe
415,lit,Lithuanian,Standard,IndoEuropean,Wordlist,Long,6,,3.4485 ,0.3644 ,19.4783 ,0.1770 ,Europe,Europe
416,liv,Livonian,Eastern,Uralic,Isolation,Combined,8,,2.6242 ,0.3499 ,13.7594 ,0.1907 ,Europe,Europe
417,mlt,Maltese,Gozo,AfroAsiatic,Isolation,Short,4,,4.6084 ,0.2483 ,16.2509 ,0.2836 ,Europe,Europe
418,nap,Neapolitan,Naples,IndoEuropean,Wordlist,Uniform,7,,2.4292 ,0.3172 ,15.6389 ,0.1553 ,Europe,Europe
419,nap,Neapolitan,Northern Calabrian>Rocca Imperiale,IndoEuropean,Wordlist,Uniform,7,,2.3090 ,0.2820 ,9.6971 ,0.2381 ,Europe,Europe
420,nap,Neapolitan,Northern Calabrian>Trebisacce,IndoEuropean,Wordlist,Uniform,7,,2.0921 ,0.1891 ,6.6588 ,0.3142 ,Europe,Europe
421,nds,Low German,Eastphalian,IndoEuropean,Running speech,Long,7,,3.1434 ,0.3841 ,18.4878 ,0.1700 ,Europe,Europe
422,nld,Dutch,Southern>Limburg,IndoEuropean,Carrier sentence,Long,4,,3.3569 ,0.1330 ,9.8760 ,0.3399 ,Europe,Europe
423,nld,Dutch,Southern>Limburg,IndoEuropean,Carrier sentence,Long,4,,3.7317 ,0.1661 ,9.3020 ,0.4012 ,Europe,Europe
424,nld,Dutch,Southern>East Flanders,IndoEuropean,Carrier sentence,Long,5,,2.9240 ,0.2028 ,12.6799 ,0.2306 ,Europe,Europe
425,nld,Dutch,Southern>West Flanders,IndoEuropean,Carrier sentence,Long,5,,2.8192 ,0.1693 ,14.1746 ,0.1989 ,Europe,Europe
426,nld,Dutch,Southern>East Flanders,IndoEuropean,Carrier sentence,Long,5,,2.5672 ,0.1700 ,10.4508 ,0.2456 ,Europe,Europe
427,nld,Dutch,Southern>Brabant,IndoEuropean,Carrier sentence,Short,5,,2.0630 ,0.1959 ,5.0861 ,0.4056 ,Europe,Europe
428,nld,Dutch,Southern>Antwerp,IndoEuropean,Carrier sentence,Short,5,,2.4687 ,0.2049 ,7.6328 ,0.3234 ,Europe,Europe
429,nld,Dutch,Southern>Brabant,IndoEuropean,Carrier sentence,Long,7,,2.5420 ,0.1910 ,13.5072 ,0.1882 ,Europe,Europe
430,nld,Dutch,Southern>Antwerp,IndoEuropean,Carrier sentence,Long,7,,2.5779 ,0.2501 ,12.3999 ,0.2079 ,Europe,Europe
431,nld,Dutch,Southern>East Flanders,IndoEuropean,Carrier sentence,Short,7,,2.7525 ,0.3063 ,12.5845 ,0.2187 ,Europe,Europe
432,nld,Dutch,Southern>West Flanders,IndoEuropean,Carrier sentence,Short,7,,2.5001 ,0.2323 ,10.8077 ,0.2313 ,Europe,Europe
433,nld,Dutch,Southern>East Flanders,IndoEuropean,Carrier sentence,Short,7,,2.6410 ,0.2373 ,11.0995 ,0.2379 ,Europe,Europe
434,nld,Dutch,Southern>Limburg,IndoEuropean,Carrier sentence,Short,8,,2.2502 ,0.2286 ,9.7554 ,0.2307 ,Europe,Europe
435,nld,Dutch,Southern>Limburg,IndoEuropean,Carrier sentence,Short,8,,2.4516 ,0.2557 ,12.7844 ,0.1918 ,Europe,Europe
436,nld,Dutch,Northern>Randstad,IndoEuropean,Carrier sentence,Mixed,9,,2.4480 ,0.2978 ,14.2015 ,0.1724 ,Europe,Europe
437,nld,Dutch,Northern>South Gelderland,IndoEuropean,Carrier sentence,Mixed,9,,2.2709 ,0.2845 ,12.0465 ,0.1885 ,Europe,Europe
438,nld,Dutch,Northern>Limburg,IndoEuropean,Carrier sentence,Mixed,9,,2.6253 ,0.3434 ,14.0908 ,0.1863 ,Europe,Europe
439,nld,Dutch,Northern>Groningen,IndoEuropean,Carrier sentence,Mixed,9,,2.3260 ,0.2599 ,12.8120 ,0.1815 ,Europe,Europe
440,nld,Dutch,Standard Northern,IndoEuropean,Wordlist,Mixed,12,,1.2393 ,0.6513 ,16.4042 ,0.0755 ,Europe,Europe
441,nld,Dutch,,IndoEuropean,Isolation,Mixed,12,,2.1343 ,0.4694 ,16.9723 ,0.1257 ,Europe,Europe
442,nld,Dutch,,IndoEuropean,Wordlist,Mixed,12,,2.0954 ,0.4331 ,14.3489 ,0.1460 ,Europe,Europe
443,nld,Dutch,,IndoEuropean,Running speech,Mixed,12,,1.7921 ,0.3359 ,8.6980 ,0.2060 ,Europe,Europe
444,nor,Norwegian,Standard,IndoEuropean,Wordlist,Long,9,,2.2356 ,0.3519 ,14.0530 ,0.1591 ,Europe,Europe
445,oci,Occitan,Roergue Lengadocian,IndoEuropean,Carrier sentence,Uniform,7,,2.8029 ,0.2351 ,17.6436 ,0.1589 ,Europe,Europe
446,oci,Occitan,Vivarolpenc,IndoEuropean,Carrier sentence,Uniform,7,,2.6386 ,0.2078 ,11.1440 ,0.2368 ,Europe,Europe
447,pol,Polish,Standard,IndoEuropean,Wordlist,Uniform,6,,2.5914 ,0.2432 ,9.0621 ,0.2860 ,Europe,Europe
448,pol,Polish,Standard,IndoEuropean,Wordlist,Uniform,6,,2.5754 ,0.2235 ,10.0205 ,0.2570 ,Europe,Europe
449,por,Portuguese,Brazilian>Sao Paulo,IndoEuropean,Wordlist,Uniform,7,,2.6293 ,0.3555 ,14.7231 ,0.1786 ,Europe,Europe
450,por,Portuguese,Brazilian>Sao Paulo,IndoEuropean,Carrier sentence,Uniform,7,,2.6272 ,0.3496 ,14.4876 ,0.1813 ,Europe,Europe
451,por,Portuguese,European>Lisbon,IndoEuropean,Wordlist,Uniform,7,,2.4315 ,0.3007 ,13.1372 ,0.1851 ,Europe,Europe
452,por,Portuguese,European>Lisbon,IndoEuropean,Carrier sentence,Uniform,7,,2.2652 ,0.2769 ,11.9408 ,0.1897 ,Europe,Europe
453,por,Portuguese,Blumenau Brazilian,IndoEuropean,Wordlist,Uniform,7,,2.6828 ,0.3485 ,11.7303 ,0.2287 ,Europe,Europe
454,por,Portuguese,Brazilian,IndoEuropean,Carrier sentence,Uniform,7,,2.7672 ,0.3666 ,14.6391 ,0.1890 ,Europe,Europe
455,por,Portuguese,European>Lisbon,IndoEuropean,Wordlist,Uniform,8,,2.7051 ,0.3685 ,13.6805 ,0.1977 ,Europe,Europe
456,roa,Norman,Liesville-sur-Douve,IndoEuropean,Running speech,Combined,14,,1.9407 ,0.4358 ,11.7058 ,0.1658 ,Europe,Europe
457,ron,Romanian,Standard,IndoEuropean,Wordlist,Uniform,7,,3.1887 ,0.3360 ,16.5393 ,0.1928 ,Europe,Europe
458,ron,Romanian,Transylvania,IndoEuropean,Wordlist,Uniform,9,,2.2272 ,0.3649 ,11.9556 ,0.1863 ,Europe,Europe
459,ruq,Megleno-Romanian,,IndoEuropean,Wordlist,Short,10,,2.3806 ,0.3319 ,14.5627 ,0.1635 ,Europe,Europe
460,rus,Russian,,IndoEuropean,Carrier sentence,Uniform,6,,2.1515 ,0.1429 ,4.6504 ,0.4626 ,Europe,Europe
461,rus,Russian,,IndoEuropean,Wordlist,Uniform,6,,2.9614 ,0.2076 ,10.5112 ,0.2817 ,Europe,Europe
462,scn,Sicilian,Sallentinian>Lecce,IndoEuropean,Meaningful sentence,Uniform,5,,2.6882 ,0.1744 ,7.5981 ,0.3538 ,Europe,Europe
463,scn,Sicilian,Sallentinian>Parabita,IndoEuropean,Wordlist,Uniform,5,,3.7585 ,0.2806 ,16.0267 ,0.2345 ,Europe,Europe
464,scn,Sicilian,Southern Calabrian>Cosenza,IndoEuropean,Wordlist,Uniform,5,,3.5161 ,0.2800 ,13.3642 ,0.2631 ,Europe,Europe
465,scn,Sicilian,Southern Calabrian>Catanzaro,IndoEuropean,Wordlist,Uniform,5,,3.5213 ,0.2708 ,14.7276 ,0.2391 ,Europe,Europe
466,slk,Slovak,,IndoEuropean,Wordlist,Long,5,,3.4868 ,0.2265 ,14.3102 ,0.2437 ,Europe,Europe
467,slk,Slovak,,IndoEuropean,Wordlist,Long,5,,3.6088 ,0.2617 ,13.4039 ,0.2692 ,Europe,Europe
468,slk,Slovak,,IndoEuropean,Wordlist,Short,6,,3.2032 ,0.2300 ,14.4976 ,0.2210 ,Europe,Europe
469,slk,Slovak,,IndoEuropean,Wordlist,Short,6,,3.1449 ,0.2492 ,13.7390 ,0.2289 ,Europe,Europe
470,slv,Slovenian,Standard,IndoEuropean,Wordlist,Short,5,,3.2152 ,0.2641 ,12.4239 ,0.2588 ,Europe,Europe
471,slv,Slovenian,Standard,IndoEuropean,Wordlist,Long,8,,2.6790 ,0.4204 ,14.3242 ,0.1870 ,Europe,Europe
472,spa,Spanish,Peninsular,IndoEuropean,Carrier sentence,Uniform,5,,2.8372 ,0.2076 ,8.6824 ,0.3268 ,Europe,Europe
473,spa,Spanish,Madrid,IndoEuropean,Carrier sentence,Uniform,5,,2.8301 ,0.1615 ,9.1708 ,0.3086 ,Europe,Europe
474,spa,Spanish,Peninsular Standard,IndoEuropean,Wordlist,Uniform,5,,3.5159 ,0.2393 ,15.3473 ,0.2291 ,Europe,Europe
475,spa,Spanish,Eastern Andalusian,IndoEuropean,Meaningful sentence,Uniform,5,,2.6060 ,0.1613 ,6.5728 ,0.3965 ,Europe,Europe
476,spa,Spanish,Eastern Andalusian,IndoEuropean,Carrier sentence,Uniform,5,,2.8319 ,0.1560 ,8.3746 ,0.3382 ,Europe,Europe
477,spa,Spanish,Equador>Otavalo,IndoEuropean,Carrier sentence,Uniform,5,,3.1386 ,0.1801 ,9.9372 ,0.3158 ,Europe,Europe
478,spa,Spanish,Standard,IndoEuropean,Carrier sentence,Uniform,5,,2.9371 ,0.1824 ,8.0039 ,0.3670 ,Europe,Europe
479,spa,Spanish,Canaria,IndoEuropean,Running speech,Uniform,5,,3.0834 ,0.1727 ,8.2922 ,0.3718 ,Europe,Europe
480,spa,Spanish,Peninsular>Bilbao,IndoEuropean,Wordlist,Uniform,5,,2.8546 ,0.2194 ,9.2903 ,0.3073 ,Europe,Europe
481,spa,Spanish,Peninsular>Bilbao,IndoEuropean,Running speech,Uniform,5,,2.4447 ,0.1980 ,6.8993 ,0.3543 ,Europe,Europe
482,sro,Sardinian,Campadinese,IndoEuropean,Wordlist,Uniform,7,,2.4495 ,0.2795 ,11.5997 ,0.2112 ,Europe,Europe
483,swe,Swedish,Standard,IndoEuropean,Carrier sentence,Short,8,,2.8000 ,0.5139 ,15.5114 ,0.1805 ,Europe,Europe
484,swe,Swedish,Stockholm,IndoEuropean,Meaningful sentence,Short,8,,2.4595 ,0.3429 ,12.3404 ,0.1993 ,Europe,Europe
485,swe,Swedish,Helsinki,IndoEuropean,Meaningful sentence,Long,8,,2.3394 ,0.3207 ,11.9294 ,0.1961 ,Europe,Europe
486,swe,Swedish,Helsinki,IndoEuropean,Meaningful sentence,Short,8,,2.2014 ,0.2758 ,9.3605 ,0.2352 ,Europe,Europe
487,swe,Swedish,Standard,IndoEuropean,Isolation,Short,8,,2.4727 ,0.5024 ,12.0676 ,0.2049 ,Europe,Europe
488,swe,Swedish,Standard,IndoEuropean,Isolation,Long,9,,2.0490 ,0.4693 ,15.0370 ,0.1363 ,Europe,Europe
489,swe,Swedish,Standard,IndoEuropean,Wordlist,Long,9,,1.8991 ,0.5039 ,15.7913 ,0.1203 ,Europe,Europe
490,swe,Swedish,Stockholm,IndoEuropean,Meaningful sentence,Long,9,,2.2782 ,0.4585 ,15.7144 ,0.1450 ,Europe,Europe
491,udm,Udmurt,Izhevsk,Uralic,Wordlist,Uniform,7,,2.3932 ,0.3124 ,10.5566 ,0.2267 ,Europe,Europe
492,ukr,Ukrainian,Standard,IndoEuropean,Wordlist,Uniform,6,,3.2304 ,0.5261 ,15.8399 ,0.2039 ,Europe,Europe
493,vec,Venetian,Padua,IndoEuropean,Wordlist,Uniform,7,,2.6138 ,0.2954 ,14.2700 ,0.1832 ,Europe,Europe
494,vro,Voru,Navi,Uralic,Running speech,Long,9,,2.1790 ,0.3166 ,9.8508 ,0.2212 ,Europe,Europe
495,vro,Voru,Vastseliina,Uralic,Running speech,Short,10,,1.3961 ,0.4336 ,6.3749 ,0.2190 ,Europe,Europe
496,vro,Voru,Navi,Uralic,Running speech,Long,11,,1.1516 ,0.4134 ,11.1830 ,0.1030 ,Europe,Europe
497,vro,Voru,Navi,Uralic,Isolation,Combined,14,,2.5795 ,0.7141 ,21.8918 ,0.1178 ,Europe,Europe
498,xal,Oriat,Kalmyk,Altaic,Wordlist,Long,8,,2.3890 ,0.4053 ,12.6446 ,0.1889 ,Europe,Europe
499,yid,Yiddish,,IndoEuropean,Running speech,Uniform,5,,2.5038 ,0.1537 ,6.7346 ,0.3718 ,Europe,Europe
500,aii,Assyrian Neo-Aramaic,Koine,AfroAsiatic,Carrier sentence,Combined,6,,2.9384 ,0.1645 ,12.9385 ,0.2271 ,Asia,Middle East
501,ajp,Palestinian Arabic,Jordan,AfroAsiatic,Isolation,Short,3,,3.1664 ,0.0974 ,4.1399 ,0.7648 ,Asia,Middle East
502,ajp,Palestinian Arabic,Jordan,AfroAsiatic,Wordlist,Short,3,,2.8131 ,0.0739 ,3.1609 ,0.8900 ,Asia,Middle East
503,ajp,Palestinian Arabic,Jordan,AfroAsiatic,Isolation,Long,5,,2.4125 ,0.1884 ,7.5440 ,0.3198 ,Asia,Middle East
504,ajp,Palestinian Arabic,Jordan,AfroAsiatic,Wordlist,Long,5,,2.5764 ,0.1526 ,7.0310 ,0.3664 ,Asia,Middle East
505,ajp,Palestinian Arabic,Ramallah,AfroAsiatic,Wordlist,Long,5,,2.9301 ,0.1363 ,9.4046 ,0.3116 ,Asia,Middle East
506,heb,Hebrew,Standard,AfroAsiatic,Carrier sentence,Uniform,5,,2.5607 ,0.2153 ,6.9042 ,0.3709 ,Asia,Middle East
507,heb,Hebrew,Standard,AfroAsiatic,Running speech,Uniform,5,,2.3483 ,0.1893 ,5.8882 ,0.3988 ,Asia,Middle East
508,heb,Hebrew,Standard,AfroAsiatic,Wordlist,Uniform,5,,2.6799 ,0.2254 ,10.3777 ,0.2582 ,Asia,Middle East
509,heb,Hebrew,Standard,AfroAsiatic,Meaningful sentence,Uniform,5,,2.4639 ,0.2140 ,6.6779 ,0.3690 ,Asia,Middle East
510,kat,Georgian,Standard,SouthCaucasian,Wordlist,Uniform,5,,2.4480 ,0.2453 ,7.7041 ,0.3178 ,Asia,Middle East
511,tur,Turkish,Istanbul,Altaic,Carrier sentence,Uniform,8,,2.0596 ,0.3353 ,8.7661 ,0.2350 ,Asia,Middle East
512,tur,Turkish,Istanbul,Altaic,Running speech,Uniform,8,,1.6316 ,0.3098 ,7.0440 ,0.2316 ,Asia,Middle East
513,tur,Turkish,Istanbul,Altaic,Isolation,Uniform,8,,1.8188 ,0.2383 ,10.0439 ,0.1811 ,Asia,Middle East
514,bvr,Burarra,,Australian,Wordlist,Uniform,5,,2.3583 ,0.2322 ,6.4363 ,0.3664 ,Pacific,Pacific
515,duf,Ndumbea,Naniouni,Austronesian,Wordlist,Short,7,,2.1395 ,0.5429 ,14.3988 ,0.1486 ,Pacific,Pacific
516,eng,English,New Zealand>Southern,IndoEuropean,Wordlist,Long,5,,3.3948 ,0.2609 ,15.4517 ,0.2197 ,Pacific,Pacific
517,eng,English,Australian>General,IndoEuropean,Wordlist,Long,5,,2.9942 ,0.2716 ,10.1473 ,0.2951 ,Pacific,Pacific
518,eng,English,New Zealand>Wellington,IndoEuropean,Wordlist,Long,5,,2.1917 ,0.1585 ,10.0181 ,0.2188 ,Pacific,Pacific
519,eng,English,Australian>Sydney,IndoEuropean,Wordlist,Long,6,,2.5191 ,0.2180 ,11.3887 ,0.2212 ,Pacific,Pacific
520,eng,English,New Zealand>Southern,IndoEuropean,Wordlist,Short,6,,2.6692 ,0.3363 ,10.0224 ,0.2663 ,Pacific,Pacific
521,eng,English,New Zealand>Wellington,IndoEuropean,Wordlist,Short,6,,2.4168 ,0.2644 ,8.3301 ,0.2901 ,Pacific,Pacific
522,eng,English,Australian>General,IndoEuropean,Wordlist,Short,6,,2.9262 ,0.3604 ,12.5593 ,0.2330 ,Pacific,Pacific
523,eng,English,Australian>Sydney,IndoEuropean,Wordlist,Short,6,,3.0024 ,0.2522 ,12.9779 ,0.2314 ,Pacific,Pacific
524,eng,English,Australian>General,IndoEuropean,Wordlist,Mixed,8,,2.4167 ,0.4700 ,13.4849 ,0.1792 ,Pacific,Pacific
525,eng,English,Australian>Broad,IndoEuropean,Wordlist,Mixed,8,,2.4082 ,0.3690 ,13.5299 ,0.1780 ,Pacific,Pacific
526,gup,Kunwinjku,,Australian,Carrier sentence,Uniform,5,,2.2945 ,0.1493 ,6.5229 ,0.3518 ,Pacific,Pacific
527,gup,Bininj Gun-Wok,,Australian,Running speech,Uniform,5,,2.6153 ,0.2012 ,7.5432 ,0.3467 ,Pacific,Pacific
528,kiy,Kirikiri,,LakesPlan,Wordlist,Uniform,7,,3.3777 ,0.4006 ,19.3995 ,0.1741 ,Pacific,Pacific
529,mri,Maori,North,Austronesian,Running speech,Long,5,,3.0246 ,0.2293 ,10.0183 ,0.3019 ,Pacific,Pacific
530,mri,Maori,North,Austronesian,Running speech,Short,5,,2.2272 ,0.1379 ,4.6740 ,0.4765 ,Pacific,Pacific
531,ngk,Dalabon,,Australian,Running speech,Uniform,6,,1.9133 ,0.2064 ,6.1415 ,0.3115 ,Pacific,Pacific
532,pri,Paici,,Austronesian,Wordlist,Uniform,10,,2.4956 ,0.4638 ,17.5605 ,0.1421 ,Pacific,Pacific
